model,day,late_diff,travel_diff,travel_relative,tardiness_diff,regret_diff,path_change,selected_coverage_diff,joint_coverage_diff
M0,1,0.005198412698412699,0.023453074196974438,0.0020006895065307617,-0.0018205413362011313,0.023453158636887867,0.1013888888888889,0.06773809523809525,0.0815873015873016
M0,2,0.00865079365079365,0.03437667774657408,0.0027004877726236978,0.014885380553702513,0.03437664546072483,0.0917063492063492,0.12305555555555554,0.1595238095238095
M0,3,0.013809523809523808,0.03887239843606949,0.0034481684366861978,0.014749072181681791,0.03887246921658516,0.10162698412698412,0.06297619047619048,0.09206349206349207
M0,4,0.004563492063492064,0.010687337722629309,0.0010172526041666667,-0.008280835580080748,0.01068740493307511,0.09876984126984127,0.07253968253968254,0.10607142857142858
M0,5,0.005039682539682539,0.0318163875490427,0.0027362902959187827,0.006389397972573836,0.03181648254394531,0.11063492063492064,0.1580555555555556,0.18178571428571424
M0,6,0.007698412698412698,0.049674615263938904,0.0036645730336507163,0.035692704220612846,0.04967454572518667,0.10575396825396825,0.22869047619047622,0.24690476190476193
M0,7,0.008174603174603173,0.03966546182831129,0.003293196360270182,0.017038116852442425,0.03966542209188143,0.0915079365079365,0.10444444444444444,0.14158730158730157
M0,8,0.010555555555555556,0.034778675685326256,0.0028789440790812173,0.010325919215877851,0.034778679410616554,0.10111111111111111,0.08742063492063491,0.11698412698412697
M0,9,0.006984126984126985,0.04417516539494196,0.003583709398905436,0.01914083460966746,0.04417522748311361,0.0907936507936508,0.09388888888888887,0.11873015873015874
M0,10,0.005158730158730159,0.043343318005402885,0.0032152732213338218,0.034146434317032494,0.04334327826897303,0.10305555555555557,0.20249999999999999,0.2286111111111111
M0,11,0.007023809523809523,0.02813531644642353,0.0027397871017456055,0.0028567422026147446,0.02813524256149928,0.09535714285714286,0.06583333333333334,0.09452380952380951
M0,12,0.0003571428571428571,0.02875513769686222,0.0027962923049926758,0.00037275265882878256,0.02875508616367976,0.1067063492063492,0.059761904761904766,0.06869047619047619
M0,13,0.00035714285714285714,0.03462789456049601,0.0035521586736043296,0.00019477103342069313,0.034627879659334816,0.10376984126984128,0.007142857142857148,0.011825396825396831
M0,14,0.003928571428571428,0.04411862293879191,0.004099130630493164,0.005151558900251985,0.044118624180555344,0.09555555555555555,0.03138888888888889,0.04297619047619047
M1,1,0.002380952380952381,0.011759097377459208,0.0010110934575398762,0.004269794560968876,0.011759129042426745,0.03337301587301587,0.05833333333333332,0.08289682539682539
M1,2,0.004246031746031745,0.016095831990242004,0.0012727975845336914,0.007831264132012924,0.01609589283665021,0.04210317460317461,0.0888095238095238,0.11789682539682537
M1,3,0.001984126984126984,0.01130672295888265,0.001007835070292155,0.00467138784006238,0.011306725442409515,0.030515873015873014,0.04734126984126983,0.07087301587301587
M1,4,0.00027777777777777767,0.003754154390965899,0.00036064783732096356,4.206090246346624e-05,0.003754181166489919,0.01992063492063492,0.028134920634920634,0.045436507936507935
M1,5,0.0008333333333333334,0.009984304507573446,0.0008634328842163086,0.0021090747710938254,0.009984358213841915,0.03071428571428571,0.10833333333333334,0.1365873015873016
M1,6,0.002738095238095237,0.015592309025426706,0.001157681147257487,0.012991287124653658,0.015592295676469803,0.041507936507936515,0.11317460317460316,0.13519841269841268
M1,7,0.002777777777777777,0.012681428032616774,0.00106048583984375,0.005549599726994832,0.012681465595960617,0.03698412698412698,0.05214285714285714,0.07976190476190476
M1,8,0.0036904761904761906,0.013060284468034903,0.001087784767150879,0.005146606282020609,0.013060251561303934,0.03619047619047619,0.06027777777777777,0.08357142857142857
M1,9,0.002103174603174603,0.012304915425678095,0.001006484031677246,0.00608480457837383,0.012304918219645819,0.03492063492063492,0.0717063492063492,0.09952380952380951
M1,10,0.0010714285714285715,0.018601073573033016,0.0013910929361979167,0.01540569526453813,0.018601112067699432,0.03615079365079365,0.09769841269841271,0.12503968253968253
M1,11,0.0004365079365079365,0.0038168313913047314,0.0003731648127237956,0.00041196732005725306,0.003816838376224041,0.015595238095238098,0.02361111111111111,0.0373015873015873
M1,12,0.0003174603174603174,0.0031575425527989864,0.00030998388926188153,0.0006210649153217673,0.0031575756923606,0.018809523809523807,0.04654761904761905,0.07206349206349207
M1,13,0.0,0.001305744401179254,0.0001360177993774414,0.0,0.0013057000081365306,0.009206349206349206,0.008690476190476198,0.020158730158730168
M1,14,-5.981181984878366e-20,0.0038848187929640212,0.00036533673604329425,0.00019376375227390477,0.0038848573652406535,0.017936507936507938,0.10968253968253967,0.16365079365079363
M2,1,0.0006746031746031745,0.0041992611562212305,0.0003616015116373698,0.002010169089771807,0.004199328521887462,0.011309523809523811,0.037777777777777764,0.05412698412698413
M2,2,0.0015476190476190475,0.00579245559250315,0.0004591941833496094,0.003080203818778197,0.005792466768374045,0.013253968253968254,0.0490079365079365,0.06527777777777778
M2,3,0.0003174603174603177,0.0024940644313270846,0.00022264321645100912,0.0008298739267047495,0.002494056010618806,0.007738095238095238,0.03853174603174602,0.05543650793650792
M2,4,7.936507936507932e-05,0.0007783932184490064,7.506211598714192e-05,1.77598200631716e-05,0.000778421740202854,0.005396825396825397,0.029722222222222216,0.047738095238095225
M2,5,0.0003174603174603176,0.0039033868039647737,0.0003382364908854167,0.0024853636665890613,0.003903385872642199,0.010277777777777778,0.06726190476190477,0.08353174603174603
M2,6,0.0009920634920634927,0.009599624667316675,0.0007147391637166342,0.00750868550191323,0.009599617992838224,0.016706349206349207,0.0544047619047619,0.07103174603174603
M2,7,0.0010317460317460314,0.004616716255744298,0.00038663546244303387,0.002095479634590447,0.004616734804585576,0.012103174603174604,0.03869047619047618,0.05087301587301587
M2,8,0.0008730158730158728,0.0041001342081775265,0.00034232934315999347,0.0021075375067691007,0.004100078872094552,0.010317460317460317,0.04067460317460317,0.05797619047619048
M2,9,0.0008730158730158728,0.004760804586112499,0.00038997332255045575,0.0024491266425078115,0.004760827869176865,0.010833333333333334,0.044642857142857144,0.06
M2,10,0.0004365079365079359,0.009390121325850487,0.0007036526997884115,0.008449349086731672,0.00939009121308724,0.013650793650793651,0.06769841269841269,0.08563492063492062
M2,11,0.00011904761904761905,0.0009901491769899924,9.695688883463542e-05,6.403056371103351e-05,0.0009901206940412521,0.0032936507936507935,0.02071428571428571,0.0334126984126984
M2,12,0.00011904761904761906,0.0008654488483443856,8.50359598795573e-05,0.0003389450430404395,0.0008654270010689894,0.004126984126984127,0.038730158730158726,0.058531746031746025
M2,13,0.0,0.00014823278130885834,1.5536944071451824e-05,0.0,0.00014822292481161034,0.001626984126984127,0.016309523809523798,0.02654761904761903
M2,14,0.00011904761904761905,0.0011593341672172148,0.00010919570922851562,0.000244460221438203,0.0011593272405055661,0.004206349206349207,0.059523809523809514,0.07876984126984127
M3,1,0.0006746031746031747,0.005880839967479308,0.0005062421162923177,0.001377673839063694,0.005880824290215969,0.022936507936507936,0.06027777777777776,0.07948412698412698
M3,2,0.001150793650793651,0.005790247969950239,0.00045879681905110675,0.0030709020793437958,0.005790227713684241,0.025952380952380952,0.08714285714285715,0.11702380952380952
M3,3,0.0009126984126984133,0.003288441260034839,0.00029329458872477215,0.0012624710604238014,0.00328844110481441,0.017658730158730155,0.05686507936507936,0.08825396825396825
M3,4,0.00015873015873015873,0.0034466234501451254,0.0003317991892496745,0.0005457704440535357,0.0034465991581479707,0.015238095238095238,0.024047619047619043,0.04051587301587302
M3,5,0.0007142857142857143,0.003690249208981792,0.00031967957814534503,0.000883994414228558,0.0036901640705764294,0.02011904761904762,0.09365079365079365,0.10567460317460318
M3,6,0.0004761904761904756,0.005301192635670304,0.0003944238026936849,0.003903530266446372,0.005301127365479867,0.025873015873015878,0.15908730158730158,0.18888888888888888
M3,7,0.000873015873015873,0.004934353831534584,0.0004130999247233073,0.0010515253464594327,0.004934380684668819,0.022738095238095238,0.08345238095238094,0.11115079365079365
M3,8,0.0011904761904761908,0.0036697620914007225,0.00030616919199625653,0.0008345719349260131,0.003669754213963946,0.020753968253968257,0.07103174603174603,0.09365079365079365
M3,9,0.0009920634920634922,0.004113497755800684,0.0003369251887003581,0.0013988111944248278,0.004113455846284826,0.019365079365079366,0.08746031746031746,0.11337301587301586
M3,10,0.000277777777777778,0.006963431214292844,0.0005218585332234701,0.0056341470529635744,0.0069634695537388325,0.022500000000000003,0.15003968253968256,0.1823015873015873
M3,11,0.00039682539682539677,0.00260659276197354,0.0002551873524983724,0.0002360793441766873,0.002606539288535714,0.012499999999999999,0.01805555555555555,0.03246031746031745
M3,12,0.00023809523809523801,0.0025602669920772314,0.00025149186452229816,0.0002325002666718016,0.0025602184080829224,0.014166666666666668,0.028174603174603175,0.05015873015873017
M3,13,0.0,0.0013112810168725748,0.00013653437296549478,6.371377215449077e-06,0.0013112509817195435,0.009087301587301587,0.005555555555555563,0.012500000000000006
M3,14,7.936507936507935e-05,0.002731115596058468,0.0002570947011311849,0.00014455905572200814,0.002731131389737129,0.014206349206349207,0.060555555555555564,0.07642857142857143
