date,model,method,late_rate,mean_travel_time_min,mean_late_minutes,mean_regret_min,selected_path_coverage,joint_coverage
2015-07-02,M0,C0,0.16586666666666666,19.499046325683594,0.20687918365001678,0.48149773478507996,0.8322666666666667,0.7832
2015-07-03,M0,C0,0.1272,19.343353271484375,0.1893100142478943,0.5031280517578125,0.8816,0.8421333333333333
2015-07-04,M0,C0,0.38506666666666667,19.365795135498047,1.215171456336975,0.5771468877792358,0.5968,0.5389333333333334
2015-07-05,M0,C0,0.4408,19.739063262939453,1.4644479751586914,0.6098347902297974,0.5634666666666667,0.5114666666666666
2015-07-06,M0,C0,0.2336,20.053691864013672,0.3436310589313507,0.564383864402771,0.6754666666666667,0.6205333333333334
2015-07-07,M0,C0,0.1712,18.560245513916016,0.29623666405677795,0.5342383980751038,0.7696,0.7165333333333334
2015-07-08,M0,C0,0.09626666666666667,17.85018539428711,0.10128683596849442,0.4886791706085205,0.8429333333333333,0.7973333333333333
2015-07-09,M0,C0,0.16693333333333332,18.155223846435547,0.3798696994781494,0.6370112895965576,0.8029333333333334,0.7557333333333334
2015-07-10,M0,C0,0.09733333333333333,17.481483459472656,0.10424212366342545,0.5693569779396057,0.908,0.8778666666666667
2015-07-11,M0,C0,0.13466666666666666,17.52928924560547,0.18325035274028778,0.44175484776496887,0.836,0.7837333333333333
2015-07-12,M0,C0,0.2616,18.271015167236328,0.31931862235069275,0.5040967464447021,0.7053333333333334,0.6290666666666667
2015-07-13,M0,C0,0.1304,17.81734848022461,0.15302449464797974,0.5373682975769043,0.8184,0.7712
2015-07-14,M0,C0,0.1016,17.52898597717285,0.10549145191907883,0.520057737827301,0.86,0.8218666666666666
2015-07-15,M0,C0,0.13733333333333334,18.930503845214844,0.18929941952228546,0.5151699185371399,0.8010666666666667,0.7381333333333333
2015-07-02,M0,C1,0.17866666666666667,19.579317092895508,0.22226494550704956,0.5617685317993164,0.9093333333333333,0.8885333333333333
2015-07-03,M0,C1,0.13813333333333333,19.402633666992188,0.19672271609306335,0.5624058842658997,0.9378666666666666,0.9205333333333333
2015-07-04,M0,C1,0.3970666666666667,19.433231353759766,1.2429280281066895,0.6445819735527039,0.7077333333333333,0.6725333333333333
2015-07-05,M0,C1,0.4472,19.777238845825195,1.4751933813095093,0.6480113863945007,0.6850666666666667,0.6514666666666666
2015-07-06,M0,C1,0.23946666666666666,20.097379684448242,0.3564457893371582,0.6080722212791443,0.7912,0.7552
2015-07-07,M0,C1,0.18,18.606691360473633,0.3030560612678528,0.5806863903999329,0.8584,0.8269333333333333
2015-07-08,M0,C1,0.10746666666666667,17.904930114746094,0.10913307219743729,0.5434237718582153,0.9274666666666667,0.9016
2015-07-09,M0,C1,0.17466666666666666,18.214107513427734,0.40254420042037964,0.6958964467048645,0.8781333333333333,0.8504
2015-07-10,M0,C1,0.10666666666666667,17.5577449798584,0.11464404314756393,0.645618736743927,0.9488,0.9368
2015-07-11,M0,C1,0.14213333333333333,17.604164123535156,0.19144876301288605,0.5166297554969788,0.9098666666666667,0.888
2015-07-12,M0,C1,0.276,18.350143432617188,0.3472593128681183,0.5832259058952332,0.8282666666666667,0.7888
2015-07-13,M0,C1,0.1368,17.892953872680664,0.17103515565395355,0.6129754185676575,0.8936,0.8666666666666667
2015-07-14,M0,C1,0.1056,17.60655975341797,0.11814404278993607,0.5976322889328003,0.9197333333333333,0.8946666666666667
2015-07-15,M0,C1,0.14506666666666668,18.979881286621094,0.2007542848587036,0.5645458698272705,0.8946666666666667,0.8672
2015-07-02,M0,C2,0.17866666666666667,19.580080032348633,0.22983935475349426,0.5625317692756653,0.9554666666666667,0.9421333333333334
2015-07-03,M0,C2,0.13973333333333332,19.40179443359375,0.2054426074028015,0.5615673065185547,0.9656,0.9573333333333334
2015-07-04,M0,C2,0.3968,19.41230010986328,1.2276798486709595,0.6236516833305359,0.784,0.7565333333333333
2015-07-05,M0,C2,0.44693333333333335,19.766700744628906,1.472640872001648,0.6374694108963013,0.7493333333333333,0.7261333333333333
2015-07-06,M0,C2,0.24533333333333332,20.1304874420166,0.36971068382263184,0.6411774158477783,0.8592,0.8354666666666667
2015-07-07,M0,C2,0.17893333333333333,18.60958480834961,0.30305585265159607,0.5835806727409363,0.9026666666666666,0.8826666666666667
2015-07-08,M0,C2,0.10266666666666667,17.90792465209961,0.11142021417617798,0.5464187264442444,0.9576,0.9464
2015-07-09,M0,C2,0.17413333333333333,18.201139450073242,0.3829782009124756,0.6829273700714111,0.9149333333333334,0.8941333333333333
2015-07-10,M0,C2,0.10453333333333334,17.551788330078125,0.11157755553722382,0.6396625638008118,0.9778666666666667,0.9714666666666667
2015-07-11,M0,C2,0.14293333333333333,17.597211837768555,0.19339199364185333,0.5096787214279175,0.9522666666666667,0.9426666666666667
2015-07-12,M0,C2,0.2792,18.353330612182617,0.3501802980899811,0.5864132642745972,0.9010666666666667,0.8738666666666667
2015-07-13,M0,C2,0.1328,17.869340896606445,0.16723276674747467,0.5893617868423462,0.9376,0.9221333333333334
2015-07-14,M0,C2,0.10586666666666666,17.58466911315918,0.1130954697728157,0.5757405161857605,0.948,0.936
2015-07-15,M0,C2,0.14666666666666667,18.991004943847656,0.20299309492111206,0.5756679773330688,0.9437333333333333,0.9317333333333333
2015-07-02,PERSIST,C0,0.168,19.50790023803711,0.19871754944324493,0.4903532564640045,0.8797333333333334,0.8522666666666666
2015-07-03,PERSIST,C0,0.12586666666666665,19.307546615600586,0.18402893841266632,0.4673190116882324,0.8776,0.8488
2015-07-04,PERSIST,C0,0.37733333333333335,19.24536895751953,1.1476556062698364,0.4567185640335083,0.8941333333333333,0.8674666666666667
2015-07-05,PERSIST,C0,0.42,19.583057403564453,1.367663025856018,0.45382800698280334,0.8938666666666667,0.868
2015-07-06,PERSIST,C0,0.2136,19.99510383605957,0.3088110387325287,0.5057955980300903,0.8818666666666667,0.8506666666666667
2015-07-07,PERSIST,C0,0.16586666666666666,18.47108268737793,0.2733871042728424,0.4450778067111969,0.908,0.8837333333333334
2015-07-08,PERSIST,C0,0.08906666666666667,17.758703231811523,0.09293345361948013,0.39719903469085693,0.8954666666666666,0.8693333333333333
2015-07-09,PERSIST,C0,0.1528,17.956880569458008,0.29859524965286255,0.43867117166519165,0.8976,0.8693333333333333
2015-07-10,PERSIST,C0,0.08266666666666667,17.312650680541992,0.08837566524744034,0.40052399039268494,0.8786666666666667,0.8554666666666667
2015-07-11,PERSIST,C0,0.1224,17.458824157714844,0.15711696445941925,0.3712915778160095,0.8981333333333333,0.8610666666666666
2015-07-12,PERSIST,C0,0.23786666666666667,18.183353424072266,0.2885653078556061,0.41643768548965454,0.8944,0.8693333333333333
2015-07-13,PERSIST,C0,0.1152,17.664247512817383,0.1338970959186554,0.38427114486694336,0.8901333333333333,0.8658666666666667
2015-07-14,PERSIST,C0,0.08533333333333333,17.38288116455078,0.0838174819946289,0.37395307421684265,0.8842666666666666,0.8512
2015-07-15,PERSIST,C0,0.13706666666666667,18.880558013916016,0.18214471638202667,0.46522167325019836,0.8893333333333333,0.8565333333333334
2015-07-02,PERSIST,C1,0.1728,19.554704666137695,0.21838700771331787,0.5371575355529785,0.8354666666666667,0.8050666666666667
2015-07-03,PERSIST,C1,0.13306666666666667,19.34910774230957,0.1960221230983734,0.5088826417922974,0.8296,0.7938666666666667
2015-07-04,PERSIST,C1,0.38026666666666664,19.31385040283203,1.2040868997573853,0.5251994132995605,0.8458666666666667,0.8138666666666666
2015-07-05,PERSIST,C1,0.42373333333333335,19.605161666870117,1.3956503868103027,0.4759335219860077,0.8448,0.8149333333333333
2015-07-06,PERSIST,C1,0.21866666666666668,20.054777145385742,0.3353859484195709,0.5654689073562622,0.8349333333333333,0.8008
2015-07-07,PERSIST,C1,0.16986666666666667,18.492887496948242,0.2743026614189148,0.46688392758369446,0.8698666666666667,0.8432
2015-07-08,PERSIST,C1,0.09146666666666667,17.778024673461914,0.09574534744024277,0.41651952266693115,0.8536,0.8170666666666667
2015-07-09,PERSIST,C1,0.15466666666666667,17.98685073852539,0.3164496421813965,0.4686402380466461,0.8586666666666667,0.8250666666666666
2015-07-10,PERSIST,C1,0.08613333333333334,17.344202041625977,0.08921900391578674,0.43207669258117676,0.8453333333333334,0.8053333333333333
2015-07-11,PERSIST,C1,0.12293333333333334,17.499391555786133,0.16969314217567444,0.4118557274341583,0.8544,0.8141333333333334
2015-07-12,PERSIST,C1,0.2517333333333333,18.215456008911133,0.3105323612689972,0.44853898882865906,0.8533333333333334,0.8218666666666666
2015-07-13,PERSIST,C1,0.11493333333333333,17.705007553100586,0.14441867172718048,0.4250279664993286,0.8461333333333333,0.8093333333333333
2015-07-14,PERSIST,C1,0.0872,17.421091079711914,0.09090521931648254,0.4121640920639038,0.8416,0.7989333333333334
2015-07-15,PERSIST,C1,0.1376,18.90114974975586,0.18531449139118195,0.48581457138061523,0.8309333333333333,0.7941333333333334
2015-07-02,PERSIST,C2,0.18,19.59164047241211,0.22768986225128174,0.5740913152694702,0.8997333333333334,0.8773333333333333
2015-07-03,PERSIST,C2,0.13706666666666667,19.404926300048828,0.20690159499645233,0.5647019743919373,0.9008,0.8746666666666667
2015-07-04,PERSIST,C2,0.3816,19.338695526123047,1.229735255241394,0.5500479936599731,0.9117333333333333,0.8914666666666666
2015-07-05,PERSIST,C2,0.42346666666666666,19.652795791625977,1.4279325008392334,0.523567259311676,0.9122666666666667,0.8917333333333334
2015-07-06,PERSIST,C2,0.22906666666666667,20.125118255615234,0.3432542383670807,0.6358094811439514,0.9021333333333333,0.8752
2015-07-07,PERSIST,C2,0.16746666666666668,18.500137329101562,0.28079673647880554,0.4741322994232178,0.9269333333333334,0.9077333333333333
2015-07-08,PERSIST,C2,0.08986666666666666,17.787687301635742,0.09524594992399216,0.42618075013160706,0.9144,0.8928
2015-07-09,PERSIST,C2,0.1552,17.9942569732666,0.30655521154403687,0.4760441482067108,0.9112,0.8856
2015-07-10,PERSIST,C2,0.0848,17.344953536987305,0.09035331010818481,0.4328276813030243,0.8981333333333333,0.8770666666666667
2015-07-11,PERSIST,C2,0.12426666666666666,17.491029739379883,0.16318336129188538,0.40349557995796204,0.9109333333333334,0.8808
2015-07-12,PERSIST,C2,0.2488,18.233762741088867,0.31765860319137573,0.4668446183204651,0.9144,0.8962666666666667
2015-07-13,PERSIST,C2,0.1168,17.707563400268555,0.13677236437797546,0.4275842308998108,0.9093333333333333,0.8872
2015-07-14,PERSIST,C2,0.08693333333333333,17.428611755371094,0.08701157569885254,0.4196832776069641,0.904,0.8776
2015-07-15,PERSIST,C2,0.14453333333333335,18.966787338256836,0.19460107386112213,0.5514513254165649,0.9077333333333333,0.8810666666666667
2015-07-02,M1,C0,0.1672,19.490047454833984,0.20681814849376678,0.4725014269351959,0.8370666666666666,0.7912
2015-07-03,M1,C0,0.13093333333333335,19.35320472717285,0.1952262967824936,0.5129802227020264,0.8882666666666666,0.8528
2015-07-04,M1,C0,0.3874666666666667,19.358827590942383,1.2049674987792969,0.5701788663864136,0.6149333333333333,0.5592
2015-07-05,M1,C0,0.44053333333333333,19.730648040771484,1.4594849348068237,0.601418673992157,0.5994666666666667,0.5509333333333334
2015-07-06,M1,C0,0.23626666666666668,20.073997497558594,0.35884010791778564,0.5846884250640869,0.7061333333333333,0.6474666666666666
2015-07-07,M1,C0,0.1768,18.594797134399414,0.3211286962032318,0.5687928795814514,0.7818666666666667,0.7354666666666667
2015-07-08,M1,C0,0.1008,17.84762954711914,0.10569565743207932,0.4861238896846771,0.8632,0.8261333333333334
2015-07-09,M1,C0,0.1688,18.14834213256836,0.36598750948905945,0.6301302313804626,0.8325333333333333,0.7944
2015-07-10,M1,C0,0.0968,17.495325088500977,0.10485537350177765,0.5831975340843201,0.9144,0.8930666666666667
2015-07-11,M1,C0,0.13706666666666667,17.528047561645508,0.18022321164608002,0.4405145049095154,0.8416,0.7941333333333334
2015-07-12,M1,C0,0.26453333333333334,18.295312881469727,0.332448810338974,0.528395414352417,0.6989333333333333,0.6389333333333334
2015-07-13,M1,C0,0.12746666666666667,17.808460235595703,0.15677668154239655,0.5284823775291443,0.8322666666666667,0.7925333333333333
2015-07-14,M1,C0,0.09813333333333334,17.517364501953125,0.1028546467423439,0.5084363222122192,0.8704,0.8365333333333334
2015-07-15,M1,C0,0.1392,18.93966293334961,0.19828379154205322,0.5243270993232727,0.8493333333333334,0.8072
2015-07-02,M1,C1,0.17973333333333333,19.6075382232666,0.23463302850723267,0.5899907350540161,0.8933333333333333,0.864
2015-07-03,M1,C1,0.14453333333333335,19.42057228088379,0.20462597906589508,0.5803481936454773,0.9264,0.9032
2015-07-04,M1,C1,0.4,19.41996192932129,1.2443583011627197,0.631314218044281,0.6930666666666667,0.6538666666666667
2015-07-05,M1,C1,0.44906666666666667,19.781858444213867,1.4912217855453491,0.6526297330856323,0.6725333333333333,0.6306666666666667
2015-07-06,M1,C1,0.24373333333333333,20.1407470703125,0.37675389647483826,0.6514396667480469,0.78,0.7424
2015-07-07,M1,C1,0.18186666666666668,18.631099700927734,0.31839609146118164,0.6050946712493896,0.8437333333333333,0.8114666666666667
2015-07-08,M1,C1,0.10693333333333334,17.895204544067383,0.11261500418186188,0.5336982607841492,0.9157333333333333,0.8904
2015-07-09,M1,C1,0.17546666666666666,18.17873191833496,0.37644514441490173,0.6605208516120911,0.8816,0.8496
2015-07-10,M1,C1,0.10106666666666667,17.521209716796875,0.10813295096158981,0.609084963798523,0.9506666666666667,0.9368
2015-07-11,M1,C1,0.14213333333333333,17.586374282836914,0.1888987272977829,0.49884095788002014,0.8973333333333333,0.8685333333333334
2015-07-12,M1,C1,0.2792,18.36208724975586,0.35268113017082214,0.5951684713363647,0.7866666666666666,0.7472
2015-07-13,M1,C1,0.13146666666666668,17.86071014404297,0.16875125467777252,0.5807305574417114,0.884,0.8533333333333334
2015-07-14,M1,C1,0.10106666666666667,17.576162338256836,0.10595729202032089,0.5672358870506287,0.9133333333333333,0.8912
2015-07-15,M1,C1,0.14773333333333333,19.014163970947266,0.2097269892692566,0.5988304615020752,0.9029333333333334,0.8816
2015-07-02,M1,C2,0.17893333333333333,19.578933715820312,0.2285991907119751,0.5613863468170166,0.9410666666666667,0.9258666666666666
2015-07-03,M1,C2,0.14186666666666667,19.408140182495117,0.2068404257297516,0.5679139494895935,0.9549333333333333,0.9445333333333333
2015-07-04,M1,C2,0.39866666666666667,19.419092178344727,1.2341049909591675,0.6304429173469543,0.7749333333333334,0.7421333333333333
2015-07-05,M1,C2,0.4458666666666667,19.77520751953125,1.4729140996932983,0.6459792256355286,0.7493333333333333,0.7210666666666666
2015-07-06,M1,C2,0.24373333333333333,20.124603271484375,0.3779826760292053,0.6352951526641846,0.8472,0.82
2015-07-07,M1,C2,0.1856,18.651695251464844,0.3288845419883728,0.6256908774375916,0.8936,0.8746666666666667
2015-07-08,M1,C2,0.1064,17.891077041625977,0.1124039739370346,0.5295711755752563,0.9477333333333333,0.9325333333333333
2015-07-09,M1,C2,0.1744,18.190093994140625,0.376155823469162,0.671882688999176,0.9181333333333334,0.8957333333333334
2015-07-10,M1,C2,0.10293333333333334,17.521041870117188,0.1066090315580368,0.6089172959327698,0.9749333333333333,0.9677333333333333
2015-07-11,M1,C2,0.14293333333333333,17.58805274963379,0.1920785903930664,0.5005184412002563,0.9426666666666667,0.9274666666666667
2015-07-12,M1,C2,0.2808,18.35736656188965,0.355572909116745,0.5904486775398254,0.8752,0.8456
2015-07-13,M1,C2,0.128,17.844682693481445,0.16479453444480896,0.5647057890892029,0.9272,0.9061333333333333
2015-07-14,M1,C2,0.10213333333333334,17.548112869262695,0.10874786972999573,0.539186418056488,0.9445333333333333,0.9293333333333333
2015-07-15,M1,C2,0.1496,19.002641677856445,0.21237845718860626,0.5873051285743713,0.9432,0.9328
2015-07-02,M2,C0,0.1488,19.41653823852539,0.18337218463420868,0.3989909589290619,0.7765333333333333,0.6978666666666666
2015-07-03,M2,C0,0.1184,19.236995697021484,0.1766870766878128,0.3967685401439667,0.7888,0.7096
2015-07-04,M2,C0,0.36506666666666665,19.18145751953125,1.1125797033309937,0.39280906319618225,0.7730666666666667,0.6936
2015-07-05,M2,C0,0.4146666666666667,19.503311157226562,1.310502052307129,0.3740815818309784,0.7514666666666666,0.6602666666666667
2015-07-06,M2,C0,0.20666666666666667,19.903175354003906,0.29502373933792114,0.413863867521286,0.7490666666666667,0.656
2015-07-07,M2,C0,0.1576,18.456809997558594,0.2717075049877167,0.43080708384513855,0.812,0.7434666666666667
2015-07-08,M2,C0,0.08613333333333334,17.72969627380371,0.0893751010298729,0.36819013953208923,0.8648,0.8010666666666667
2015-07-09,M2,C0,0.15146666666666667,17.98529815673828,0.32594382762908936,0.46708640456199646,0.8237333333333333,0.7464
2015-07-10,M2,C0,0.08506666666666667,17.323841094970703,0.09183447808027267,0.41171538829803467,0.8597333333333333,0.8029333333333334
2015-07-11,M2,C0,0.12586666666666665,17.47918128967285,0.16726814210414886,0.3916471600532532,0.8602666666666666,0.8029333333333334
2015-07-12,M2,C0,0.24933333333333332,18.197647094726562,0.301552951335907,0.43072938919067383,0.7765333333333333,0.7069333333333333
2015-07-13,M2,C0,0.11813333333333334,17.71120262145996,0.14319877326488495,0.4312225878238678,0.8472,0.7936
2015-07-14,M2,C0,0.0864,17.408395767211914,0.0919795110821724,0.39946678280830383,0.8789333333333333,0.8221333333333334
2015-07-15,M2,C0,0.13226666666666667,18.842164993286133,0.1780547797679901,0.4268283247947693,0.7949333333333334,0.7242666666666666
2015-07-02,M2,C1,0.15893333333333334,19.494178771972656,0.20097053050994873,0.476632297039032,0.8789333333333333,0.8274666666666667
2015-07-03,M2,C1,0.12746666666666667,19.31717872619629,0.18695102632045746,0.4769529402256012,0.8696,0.8253333333333334
2015-07-04,M2,C1,0.3736,19.240278244018555,1.146982192993164,0.45162901282310486,0.8690666666666667,0.82
2015-07-05,M2,C1,0.4208,19.5662899017334,1.3436377048492432,0.43706098198890686,0.844,0.7882666666666667
2015-07-06,M2,C1,0.2144,19.979557037353516,0.3122828006744385,0.4902474284172058,0.8349333333333333,0.7810666666666667
2015-07-07,M2,C1,0.16453333333333334,18.487335205078125,0.2799736559391022,0.4613305330276489,0.8904,0.8493333333333334
2015-07-08,M2,C1,0.09333333333333334,17.785350799560547,0.0972621738910675,0.4238438904285431,0.9245333333333333,0.8925333333333333
2015-07-09,M2,C1,0.15653333333333333,18.024250030517578,0.33515477180480957,0.5060380101203918,0.8850666666666667,0.8389333333333333
2015-07-10,M2,C1,0.08986666666666666,17.374799728393555,0.09456159919500351,0.4626726806163788,0.9149333333333334,0.8834666666666666
2015-07-11,M2,C1,0.12853333333333333,17.509302139282227,0.17652226984500885,0.42176786065101624,0.9216,0.8906666666666667
2015-07-12,M2,C1,0.2568,18.26178741455078,0.32237178087234497,0.4948699176311493,0.8661333333333333,0.8197333333333333
2015-07-13,M2,C1,0.12453333333333333,17.762168884277344,0.15457627177238464,0.48219016194343567,0.9082666666666667,0.8813333333333333
2015-07-14,M2,C1,0.09093333333333334,17.462299346923828,0.1015033945441246,0.45337238907814026,0.9325333333333333,0.9026666666666666
2015-07-15,M2,C1,0.13626666666666667,18.907617568969727,0.1853712499141693,0.49228209257125854,0.88,0.8381333333333333
2015-07-02,M2,C2,0.1576,19.48729133605957,0.19618919491767883,0.4697455167770386,0.9293333333333333,0.9029333333333334
2015-07-03,M2,C2,0.13146666666666668,19.3189754486084,0.19038617610931396,0.47875016927719116,0.924,0.8981333333333333
2015-07-04,M2,C2,0.3792,19.262008666992188,1.1447474956512451,0.47336000204086304,0.9136,0.8821333333333333
2015-07-05,M2,C2,0.42293333333333333,19.58810806274414,1.3450862169265747,0.4588778614997864,0.9109333333333334,0.8810666666666667
2015-07-06,M2,C2,0.21813333333333335,19.98319435119629,0.32035768032073975,0.4938846230506897,0.9002666666666667,0.8693333333333333
2015-07-07,M2,C2,0.16666666666666666,18.52510643005371,0.2826170027256012,0.4991021156311035,0.9330666666666667,0.9117333333333333
2015-07-08,M2,C2,0.09333333333333334,17.801502227783203,0.09446508437395096,0.4399963617324829,0.9512,0.9322666666666667
2015-07-09,M2,C2,0.15893333333333334,18.052593231201172,0.3395959734916687,0.5343835353851318,0.9194666666666667,0.8930666666666667
2015-07-10,M2,C2,0.0936,17.404586791992188,0.09609334915876389,0.4924624264240265,0.9442666666666667,0.9264
2015-07-11,M2,C2,0.13146666666666668,17.553241729736328,0.1770891398191452,0.46570882201194763,0.9514666666666667,0.9373333333333334
2015-07-12,M2,C2,0.26106666666666667,18.266691207885742,0.3233036398887634,0.499772310256958,0.9101333333333333,0.8824
2015-07-13,M2,C2,0.12586666666666665,17.769315719604492,0.15269775688648224,0.4893396496772766,0.9464,0.9301333333333334
2015-07-14,M2,C2,0.0952,17.47463607788086,0.09962804615497589,0.4657064974308014,0.9592,0.9453333333333334
2015-07-15,M2,C2,0.1392,18.919445037841797,0.19019003212451935,0.5041126012802124,0.9250666666666667,0.8978666666666667
