city,branch,strategy,decision_interface,validation_status,lateness_rate_pct,mean_travel_time_min,mean_tardiness_min,mean_regret_min,lateness_headroom_utilization_pct,travel_time_headroom_utilization_pct
Beijing,"E168-CDF full-support, budget multiplier 1.0",P-Q_C0,Minimize raw q90,Post-result supplemental; same support and budget,20.21343537414966,11.509529199140006,0.3187012604061438,0.05221745687885349,0.0,0.0
Beijing,"E168-CDF full-support, budget multiplier 1.0",P-Q_C2,Minimize jointly calibrated upper score,Post-result supplemental; same support and budget,20.345238095238095,11.518122889123806,0.32240194884287254,0.060811146862652835,-15.453639082751536,-16.4575038645351
Beijing,"E168-CDF full-support, budget multiplier 1.0",P-MEAN,Minimize scenario mean,Post-result supplemental; same support and budget,20.0671768707483,11.499737020307252,0.31520246676441765,0.0424252780460987,17.14855433698927,18.752691950265163
Beijing,"E168-CDF full-support, budget multiplier 1.0",P-LATE,Minimize empirical lateness probability,Post-result supplemental; same support and budget,20.038265306122447,11.507068739050911,0.31639853934244233,0.049756996789757084,20.538384845463902,4.711949290834497
Beijing,"E168-CDF full-support, budget multiplier 1.0",ORACLE,Choose realized fastest candidate path,Post-hoc upper bound; not deployable,19.360544217687075,11.457311742261153,,0.0,100.0,100.0
Chengdu,Frozen formal M2 run,M2/P-Q_C0,Minimize raw q90,Pre-specified formal,17.47047619047619,18.45541000366211,0.33850571513175964,0.4095862805843353,0.0,0.0
Chengdu,Frozen formal M2 run,M2/P-Q_C2,Minimize jointly calibrated upper score,Pre-specified primary comparison,18.39047619047619,18.529050827026367,0.353746235370636,0.48322874307632446,-19.827586206896502,-17.979249518026283
Chengdu,Frozen formal run,M2/SCENARIO-MEAN,Minimize scenario mean,Formal baseline,16.80952380952381,18.391111373901367,0.330160528421402,0.34528785943984985,14.244663382594405,15.698372931238417
Chengdu,Frozen formal run,PERSIST/SCENARIO-MEAN,Persistence forecast; minimize scenario mean,Formal baseline,17.100952380952382,18.41213035583496,0.33030465245246887,0.3663084805011749,7.9638752052544985,10.566633448510306
Chengdu,Frozen formal run,HIST-MEAN,Training-history mean path,Formal baseline,17.422857142857143,18.474170684814453,0.35305848717689514,0.42834755778312683,1.0262725779967117,-4.580380177142804
Chengdu,Frozen formal run,ORACLE,Choose realized fastest candidate path,Post-hoc upper bound; not deployable,12.830476190476189,18.045822143554688,0.24981287121772766,0.0,100.0,100.0
